,publishedAt,subreddit,title,description,comments,hotness,url
0,2020-07-13T11:25:26.000Z,Bitcoin,Bitcoin will become the worlds global standard for money for the same reasons the internet became the worlds global standard for communication.,"Decentralisation

Neutrality

Transparency

Open networks

Permissionless innovation

Network effects


And most importantly, immutable and automated sound money principles always win against an arbitrary, centralised, corruptible, manipulated manual supply issuance.

Bitcoin will become the worlds global standard for money whether academic keynesians like it or not.",185,73827.4326701262,https://cryptocontrol.io/r/api/reddit/5f0c45390b40f100190a8850?ref=5f0df53922ee0f001886f52c
1,2020-07-13T17:39:57.000Z,Bitcoin,Can you run a full node with a 500gb hard drive?,"I am setting up a full node and am buying a hard drive but am trying to save money so I can stack more sats. 

Can I run a full node with just a 500gb SSD hard drive as opposed to a full 1TB? 

I am looking at this [500 GB G-G25 https://www.amazon.com/dp/B078SWJ3CF/ref=cm_sw SanDisk drive on Amazon](https://www.amazon.com/dp/B078SWJ3CF/ref=cm_sw_r_cp_api_i_mKjdFbRCXTVDZ) 

Will that work for now and then I can upgrade to a full 1TB in the future? 

Thanks in advance!",24,73825.63318500968,https://cryptocontrol.io/r/api/reddit/5f0c9f750b40f100190dbfb4?ref=5f0df53922ee0f001886f52c
2,2020-07-13T13:51:38.000Z,Bitcoin,If crypto and Bitcoin become Mainstream Currency People can easily avoid tax,"This question bother me a lot like anyone can Hide income so how gov will run!!
By the way it's just a question no hate
Looking for diff thought and ideas from people",40,73825.4844798625,https://cryptocontrol.io/r/api/reddit/5f0c698d0b40f100190bd343?ref=5f0df53922ee0f001886f52c
3,2020-07-13T12:54:38.000Z,Bitcoin,Update: Mom made btc wallet before she died and we can't access it,"Just wanted to update y'all on the progress for anyone who is interested.

We were able to use the 16 word passphrase to verify the password we have is correct. Basically we have all the information except the 2fa email she used. Gonna hop on teamviewer with my stepdad later today and dig through her saved PWs to see if there's an email address we don't know about. I was trying all of the emails I know about but stopped because I didn't want to trigger an account lock since most people don't nor",29,73825.42145670895,https://cryptocontrol.io/r/api/reddit/5f0c5a530b40f100190b3bdd?ref=5f0df53922ee0f001886f52c
4,2020-07-13T04:06:00.000Z,BitcoinMarkets,"[Daily Discussion] Monday, July 13, 2020","**Thread topics include, but are not limited to:**

* General discussion related to the day's events
* Technical analysis, trading ideas &amp; strategies
* Quick questions that do not warrant a separate post

**Thread guidelines:**

* **Be excellent to each other.**
* Do not make posts outside of the daily thread for the topics mentioned above.

**Other ways to interact:**

* [Get an invite](https://join.slack.com/t/reddit-bitcoinmarkets/shared_invite/enQtNjM1NTg3ODgwODUzLTQ2NjZjYjYxMWExZmZmMWY0",134,73825.09497938519,https://cryptocontrol.io/r/api/reddit/5f0bde290b40f10019077811?ref=5f0df53922ee0f001886f52c
5,2020-07-13T17:11:33.000Z,Bitcoin,ELI5: Is CashApp a viable tool to hold btc? Why or Why Not?,,10,73824.75578842456,https://cryptocontrol.io/r/api/reddit/5f0c96150b40f100190d6629?ref=5f0df53922ee0f001886f52c
6,2020-07-13T07:01:10.000Z,Bitcoin,"Daily Discussion, July 13, 2020","Please utilize this sticky thread for all general **Bitcoin** discussions! If you see posts on the front page or /r/Bitcoin/new which are better suited for this daily discussion thread, please help out by directing the OP to this thread instead. Thank you!

If you don't get an answer to your question, you can try phrasing it differently or commenting again tomorrow.

[Join us in the r/Bitcoin Chatroom!](https://s.reddit.com/channel/872992_7f67f22e296c2f65bd39f5af98f30a96b5e3e21e)

Please che",54,73824.72378429901,https://cryptocontrol.io/r/api/reddit/5f0c08490b40f1001908d403?ref=5f0df53922ee0f001886f52c
7,2020-07-13T13:51:37.000Z,Bitcoin,BIP39 seed not working,"Hi All,

I seem to have made a real rookie mistake, wondering if anyone can offer suggestions. BTC reward to the one who helps!

I updated my phone and needed to restore Green wallet from Seed. Found my seed and went to enter but receive an invalid mnemonic within the mobile app, tried desktop app and can not click the continue.

To Troubleshoot,

   \-  I then verified all words as valid BIP39 words.

   \-  Tried to create a new wallet, wipe and reenter seed, same problem. 

   \-  Tried to cr",14,73824.6058831623,https://cryptocontrol.io/r/api/reddit/5f0c698d0b40f100190bd344?ref=5f0df53922ee0f001886f52c
8,2020-07-13T16:58:51.000Z,Bitcoin,Bitcoin Protects Private Property Better Than Your Government,,3,73824.50428753832,https://cryptocontrol.io/r/api/reddit/5f0c986d0b40f100190d7f48?ref=5f0df53922ee0f001886f52c
9,2020-07-13T15:11:13.000Z,Bitcoin,CoinSwap and the Ongoing Effort to Make Bitcoin Privacy 'Invisible' - CoinDesk,,2,73824.4215291653,https://cryptocontrol.io/r/api/reddit/5f0c79f50b40f100190c6475?ref=5f0df53922ee0f001886f52c
10,2020-07-13T17:26:42.000Z,Bitcoin,Bank of England debating digital currency creation,,6,73824.3053952728,https://cryptocontrol.io/r/api/reddit/5f0c9d1d0b40f100190da64f?ref=5f0df53922ee0f001886f52c
11,2020-07-13T14:13:57.000Z,Bitcoin,"""Contemplation of the Red Jester"" Bitcoin support artist earns $500 in Bitcoin donations",,0,73824.26245509123,https://cryptocontrol.io/r/api/reddit/5f0c6e400b40f100190bfcb1?ref=5f0df53922ee0f001886f52c
12,2020-07-13T16:43:14.000Z,Bitcoin,IRS Wants To Know If I Own BTC... Should I Tell Them?,"While doing taxes (US) one of the questions is, ""did you acquire, sell, or exchange any virtual currency in 2019?""

My gut is telling me to be honest...

Any advice/recommendations?",5,73824.03805105785,https://cryptocontrol.io/r/api/reddit/5f0c986d0b40f100190d7f49?ref=5f0df53922ee0f001886f52c
13,2020-07-13T17:42:14.000Z,Bitcoin,Bitcoin Mining with Asrock H11O PRO ..,Can one advice me how to  for all  devices used for mining with  Asrock H11O PRO mother board &amp; what will be approximate price for all together ...  or advice me any  mining software in which i can mine a bitcoin,4,73824.03008968983,https://cryptocontrol.io/r/api/reddit/5f0c9f750b40f100190dbfb5?ref=5f0df53922ee0f001886f52c
14,2020-07-13T15:57:39.000Z,Bitcoin,Fidelity International Doubles Stake in Bitcoin Mining Firm Hut 8,,0,73823.9627239819,https://cryptocontrol.io/r/api/reddit/5f0c86d90b40f100190cd716?ref=5f0df53922ee0f001886f52c
15,2020-07-13T11:01:49.000Z,Bitcoin,"Mentor Monday, July 13, 2020: Ask all your bitcoin questions!","Ask (and answer!) away! Here are the general rules:

* If you'd like to learn something, ask.
* If you'd like to share knowledge, answer.
* Any question about Bitcoin is fair game.

And don't forget to check out /r/BitcoinBeginners

You can sort by new to see the latest questions that may not be answered yet.",8,73823.88290206734,https://cryptocontrol.io/r/api/reddit/5f0c408c0b40f100190a6124?ref=5f0df53922ee0f001886f52c
16,2020-07-13T15:07:43.000Z,Bitcoin,No Wait For Withdrawal?,Does anyone know a way to purchase bitcoin and be able to withdrawal/send it right away with no wait? Thanks.,4,73823.71865976253,https://cryptocontrol.io/r/api/reddit/5f0c79f50b40f100190c6474?ref=5f0df53922ee0f001886f52c
17,2020-07-13T19:40:45.000Z,Bitcoin,12 Hours no confirmation??,"My main question is will this take longer than 7 days to have 2 confirmations. If it will how can I cancel the transaction. I transferred on paxful btw and did the automatic fee

(link to chain: [https://live.blockcypher.com/btc/tx/01148eec5b9b9049aad9d2b738a09066bbd681b159243efa023886e7557300e5/](https://live.blockcypher.com/btc/tx/01148eec5b9b9049aad9d2b738a09066bbd681b159243efa023886e7557300e5/) )

Thanks in advance for the help",1,73823.5326240796,https://cryptocontrol.io/r/api/reddit/5f0cbb9b0b40f100190ea64c?ref=5f0df53922ee0f001886f52c
18,2020-07-13T18:58:42.000Z,Bitcoin,Impact of COVID 19 on Bitcoin &amp; Bitcoin Futures.,,1,73823.41581852405,https://cryptocontrol.io/r/api/reddit/5f0cb93d0b40f100190e9ab8?ref=5f0df53922ee0f001886f52c
19,2020-07-13T15:40:01.000Z,Bitcoin,What Happens When Major Cities Go Broke WORLDWIDE - Robert Kiyosaki Quarantine Updates,,2,73823.40291687663,https://cryptocontrol.io/r/api/reddit/5f0c83550b40f100190cbdd1?ref=5f0df53922ee0f001886f52c
20,2020-07-13T09:53:41.000Z,Bitcoin,Bitcoin for decentralized organizations?,"I wish to create a decentralized organization that operates something like this - the organization has a collectively owned repository of currency. Any member can make transactions from this repository given certain criterias are met (e.g. gets the approval of two other members). I'm thinking about bitcoin as a way to make this possible, I wonder if there are technology available to achieve this? Or anyone has an idea on what is required to make this work and the potential and limitations of bit",9,73823.3899603943,https://cryptocontrol.io/r/api/reddit/5f0c30280b40f1001909e604?ref=5f0df53922ee0f001886f52c
21,2020-07-13T16:36:34.000Z,Bitcoin,Grayscale DLC fund shuns altcoins in favour of a portfolio more weighted on bitcoin (and ethereum) after the bitcoin halving,,1,73823.27231813752,https://cryptocontrol.io/r/api/reddit/5f0ca4250b40f100190de6aa?ref=5f0df53922ee0f001886f52c
22,2020-07-13T12:42:39.000Z,Bitcoin,Following the Blockchain.com feerate recommendations,,3,73823.25853838572,https://cryptocontrol.io/r/api/reddit/5f0c57f90b40f100190b2b9a?ref=5f0df53922ee0f001886f52c
23,2020-07-12T17:40:29.000Z,Bitcoin,"I've built a tool making it easy to inherit Bitcoins to your loved ones in a worst-case scenario (death, coma, etc)",,49,73823.11910791342,https://cryptocontrol.io/r/api/reddit/5f0b4b8b0b40f1001902f5c8?ref=5f0df53922ee0f001886f52c
24,2020-07-13T02:45:06.000Z,Bitcoin,"Well, it has no value anymore.",,12,73823.04213004957,https://cryptocontrol.io/r/api/reddit/5f0bcb5f0b40f1001906edd3?ref=5f0df53922ee0f001886f52c
25,2020-07-13T19:38:42.000Z,Bitcoin,Taxes when swapping BTC for GBTC?,"I'm contemplating selling my BTC at a profit and purchasing a comparable amount of GBTC. Do I still have to pay capital gains taxes on the profit if I'm exchanging the asset for something comparable?

Thank you!",0,73822.96731384723,https://cryptocontrol.io/r/api/reddit/5f0cb93d0b40f100190e9ab7?ref=5f0df53922ee0f001886f52c
26,2020-07-13T13:40:50.000Z,Bitcoin,Should you consider investing in Bitcoin as a retirement plan?,,1,73822.78416998938,https://cryptocontrol.io/r/api/reddit/5f0c66090b40f100190bac52?ref=5f0df53922ee0f001886f52c
27,2020-07-13T11:34:36.000Z,Bitcoin,Request regarding moderation,"Can we have a day, maybe once every 4 years, in which mods lay down their work for 24h? Temporarily lift all bans and enforce no sub specific rules for an entire day.

Would anyone else be curious as to how that would turn out?",4,73822.72120391366,https://cryptocontrol.io/r/api/reddit/5f0c47940b40f100190aa177?ref=5f0df53922ee0f001886f52c
28,2020-07-12T16:55:20.000Z,Bitcoin,Ragnaros Approved,,6,73822.65665227732,https://cryptocontrol.io/r/api/reddit/5f0b43570b40f1001902a830?ref=5f0df53922ee0f001886f52c
29,2020-07-13T04:06:10.000Z,BitcoinMarkets,"[Altcoin Discussion] Monday, July 13, 2020","
**Thread topics include, but are not limited to:**

* Discussion related to recent events
* Technical analysis, trading ideas &amp; strategies
* General questions about altcoins

**Thread guidelines:**

* **Be excellent to each other.**
* All regular rules for this subreddit apply, except for number 2. This, and only this, thread is exempt from the requirement that all discussion must relate to bitcoin trading.
* This is for high quality discussion of altcoins. **All shilling or obvious pumping",8,73822.51700964035,https://cryptocontrol.io/r/api/reddit/5f0bde290b40f10019077812?ref=5f0df53922ee0f001886f52c
30,2020-07-12T13:04:49.000Z,Bitcoin,"My friend sent $20,000 of bitcoin to a bitcoin cash wallet... Please help us.","I help my friend transfer crypto every now and then, he was confident he could do this himself and was confused by bitcoin cash’s pretending to be bitcoin so he sent it to the wrong address. Fortunately though it seems to be a segwit wallet with a bitcoin address linked to it which I see on the blockchain. The money was sent to a bitcoin cash wallet and is now on the bitcoin blockchain. If I were to change the public key login to the bitcoin chain, use the same private key and login to the bitco",132,73822.49325227534,https://cryptocontrol.io/r/api/reddit/5f0b0c430b40f1001900b4de?ref=5f0df53922ee0f001886f52c
31,2020-07-13T14:11:39.000Z,Bitcoin,Bitcoin Audible: Chat_42 - Project Snow White &amp; the Raleigh Bitcoin Meetup,,0,73822.4643067331,https://cryptocontrol.io/r/api/reddit/5f0c6be50b40f100190be384?ref=5f0df53922ee0f001886f52c
32,2020-07-13T08:36:48.000Z,BitcoinMarkets,Question about OKEx Perpetual contract funding rate,"I noticed large fluctuation of [the funding rate on OKEx Perp contract BTCUSDT](https://www.okex.com/markets/futures-data/btc-usdt-quarterly) at 00:00, 08:00 and 16:00 (UTC). For example it was 0.015% today at 00:00, sudently falls to -0.019% at 00:05 and then came back positive 1 hour later.

What do you think is the reason for this? 

Also, suppose you want to take advantage of the rate in order to get pay by the opposite side after 8 hours, would you base your decision to open a long (or a sh",5,73822.45045857609,https://cryptocontrol.io/r/api/reddit/5f0c1d6d0b40f100190959b2?ref=5f0df53922ee0f001886f52c
33,2020-07-12T22:11:03.000Z,Bitcoin,What’s an action that anyone can do that’ll increase adoption in the most scalable and impactful way?,,14,73822.19386867258,https://cryptocontrol.io/r/api/reddit/5f0ba4a60b40f1001905c108?ref=5f0df53922ee0f001886f52c
34,2020-07-13T10:50:17.000Z,Bitcoin,Help me pitch Bitcoin to fiat-ass kissers.,"It's basically Bitcoin's volatility I face issues defending. I try to make the point that if everyone started acting less stupid and actually realized how scammy paper notes are. A world where Bitcoin is adapted would achieve a steady supply and demand structure which will stabilize the price and USD would no longer be a reflection. 

What's your pitch?",2,73822.19263695371,https://cryptocontrol.io/r/api/reddit/5f0c3e350b40f100190a47bc?ref=5f0df53922ee0f001886f52c
35,2020-07-13T05:17:37.000Z,Bitcoin,question regarding anonymity,"I am completely new to bitcoin.. sorry for such beginner questions.

1- When I send bitcoins to a merchant, does the receiving merchant know my personal details associated with my wallet such as name, address, phone number, dob. etc.

2- When I receive bitcoins from a merchant, does the sending merchant know my personal details associated with my wallet such as name, address, phone number, dob. etc.",4,73822.18485361151,https://cryptocontrol.io/r/api/reddit/5f0bf0e00b40f10019080386?ref=5f0df53922ee0f001886f52c
36,2020-07-13T01:16:40.000Z,Bitcoin,Is there any Bitcoin wallet/exchange that doesn't require ID verification?,I'm just trying to play some online poker but unfortunately my ID is currently expired and the Bitcoin exchange/wallet providers I've tried have to see a valid ID,6,73822.04617630702,https://cryptocontrol.io/r/api/reddit/5f0bb8a10b40f1001906547b?ref=5f0df53922ee0f001886f52c
37,2020-07-13T08:45:00.000Z,Bitcoin,Canaan asic miners any good?,"Anyone have any experience with canaan asic miners?
Was wondering if they’re any decent.


https://canaan.io/788.html",1,73821.9624107301,https://cryptocontrol.io/r/api/reddit/5f0c20eb0b40f1001909731b?ref=5f0df53922ee0f001886f52c
38,2020-07-12T18:35:48.000Z,Bitcoin,How does bitcoin work and why are there so many different ones?,"My dads a financial advisor and he sat down with his coworkers and for 6 hours they talked and couldn’t understand it, and as time goes on i feel like its going to become more reliable, so how does it work?",21,73821.9601741555,https://cryptocontrol.io/r/api/reddit/5f0b599b0b40f100190375b7?ref=5f0df53922ee0f001886f52c
39,2020-07-13T13:27:42.000Z,Bitcoin,"NEWEST BITCOIN RAP ""Buy Bitcoin"" VIDEO RELEASED","[Listen to ""Buy Bitcoin"" on YouTube](https://www.youtube.com/watch?v=zWSb9Yew6ww)

&amp;#x200B;

**THIS SONG IS NOT FINANCIAL ADVICE (NFA)**

&amp;#x200B;

I really love Bitcoin and cryptocurrency in general.

I believe that blockchain technology is going to be used in every major technology sector that it can possibly find its way in to!  

This is not financial advice and you MUST do your own research before you ever commit to taking any financial risks.  

I hope you enjoy this Bitcoin rap, a",0,73821.93675829167,https://cryptocontrol.io/r/api/reddit/5f0c63b40b40f100190b959e?ref=5f0df53922ee0f001886f52c
40,2020-07-12T21:36:17.000Z,Bitcoin,Bitcoin mining after 2140,"Always fascinated how stock to flow would behave, as well as miner revenue when we hit zero block reward in 2140. Any guesses backed by math and logic?",13,73821.91497304171,https://cryptocontrol.io/r/api/reddit/5f0b83cb0b40f1001904b776?ref=5f0df53922ee0f001886f52c
41,2020-07-12T21:22:58.000Z,Bitcoin,Great Bitcoin Dashboards,"https://bitcoin.clarkmoody.com/dashboard/ - I’m a huge fan of Clark Moody’s bitcoin dashboard. It has more information than you can shake a stick at! 😃

Does anybody know of any other great bitcoin dashboards? Cheers.",5,73821.87798230097,https://cryptocontrol.io/r/api/reddit/5f0b81780b40f1001904a703?ref=5f0df53922ee0f001886f52c
42,2020-07-13T00:33:38.000Z,Bitcoin,Can someone help me with the current value of some antminers?,"I own more antminers than I am proud to admit - so let’s just say I have numerous antminer s9 14TH/s all with the authentic bitmain power supply. Plenty new and plenty used. 

Can anyone help deduce how much I can currently sell them for and where would be best to list them. 
Mainly looking to sell the brand new ones.


Thanks for your time!",4,73821.80147612703,https://cryptocontrol.io/r/api/reddit/5f0bbafa0b40f10019066d9b?ref=5f0df53922ee0f001886f52c
43,2020-07-12T18:43:31.000Z,Bitcoin,Ledger Nano X,I’ve started to acquire some bitcoin and eth. Is the Ledger Nano X worth it to store my coin offline safely? I got an email from evil Amazon that it is on sale right now ($89.25) and I’m considering pulling the trigger. Thanks for any info and opinions!,20,73821.73179754228,https://cryptocontrol.io/r/api/reddit/5f0b5bf30b40f10019038f1f?ref=5f0df53922ee0f001886f52c
44,2020-07-13T15:30:49.000Z,Bitcoin,I am making Bitcoin Voice Alarm. but is this a wrong expression?,"I would like to alert you by voice if a transaction worth more than $1 million is detected for a second.

&amp;#x200B;

""Long, A million dollars in a minute.""

""Short, A million dollars in a minute.""

&amp;#x200B;

is this wrong expresstion?",0,73821.58560185185,https://cryptocontrol.io/r/api/reddit/5f0c7fd10b40f100190c96c0?ref=5f0df53922ee0f001886f52c
45,2020-07-13T09:39:51.000Z,Bitcoin,Would I be able to use CashApp to deposit and withdrawal Bitcoin on a poker site?,,1,73821.52698517632,https://cryptocontrol.io/r/api/reddit/5f0c2ca60b40f1001909ccc9?ref=5f0df53922ee0f001886f52c
46,2020-07-12T19:17:28.000Z,Bitcoin,You Think Bitcoin Is Risky? Open Your Eyes on U.S. Dollar That Is the Real Threat for Your Future,,3,73821.49232991817,https://cryptocontrol.io/r/api/reddit/5f0b63020b40f1001903cf7e?ref=5f0df53922ee0f001886f52c
47,2020-07-13T14:39:56.000Z,Bitcoin,Trump Money Laundering...,"How Trump launders $$ through his golf courses
 
https://www.dailykos.com/story/2020/7/12/1960094/-How-Trump-launders-through-his-golf-courses 

Why Donald Trump wants the Mueller report, and his taxes, kept secret
 
https://www.salon.com/2019/04/09/why-donald-trump-wants-the-mueller-report-and-his-taxes-kept-secret/

Russian Government Bank Deposited $500 Million into Deutsche Bank Subsidiary as it Lent to Trump

https://forensicnews.net/2020/01/21/russian-government-bank-deposited-500-million-",0,73821.44425925925,https://cryptocontrol.io/r/api/reddit/5f0c72ed0b40f100190c23e8?ref=5f0df53922ee0f001886f52c
48,2020-07-12T15:55:53.000Z,Bitcoin,Just purchased 11$ in bitcoin any advice,,29,73821.42799241957,https://cryptocontrol.io/r/api/reddit/5f0b341c0b40f100190224b7?ref=5f0df53922ee0f001886f52c
49,2020-07-12T17:07:18.000Z,Bitcoin,Is it possible to specify the number of Tor connections on a listening Bitcoin Core full node?,"A standard listening node gets a maximum of 125 connections, clearnet and Tor. Is it possible to reserve say 25 connections for Tor only?",19,73821.39457043515,https://cryptocontrol.io/r/api/reddit/5f0b45af0b40f1001902bec5?ref=5f0df53922ee0f001886f52c
